{
    "Data": {
        "TotalCount": 16,
        "Tankstellen": [
            {
                "PoiId": -1072566998,
                "Name": "JET",
                "Description": "",
                "x": 1524316,
                "y": 6622158,
                "Lat": 51.0467987060546880,
                "Lon": 13.7084999084472660,
                "Distance": 1.8,
                "Strasse": "LOEBTAUER STR. 51",
                "Plz": "01159",
                "Ort": "DRESDEN",
                "Sorte": "Diesel",
                "Preis": 1.939,
                "Provider": "MTSK",
                "Datum": "10.07.2022",
                "DatumSort": "20220710",
                "TimeSort": "18:40:40",
                "SycAngebote": []
            },
            {
                "PoiId": -730569542,
                "Name": "STAR",
                "Description": "",
                "x": 1520026,
                "y": 6622745,
                "Lat": 51.0501213073730470,
                "Lon": 13.6699161529541020,
                "Distance": 2.0,
                "Strasse": "Coventrystraße 10",
                "Plz": "01169",
                "Ort": "Dresden",
                "Sorte": "Diesel",
                "Preis": 1.939,
                "Provider": "MTSK",
                "Datum": "10.07.2022",
                "DatumSort": "20220710",
                "TimeSort": "20:00:00",
                "SycAngebote": []
            },
            {
                "PoiId": -117034420,
                "Name": "ESSO",
                "Description": "",
                "x": 1527246,
                "y": 6625498,
                "Lat": 51.0656776428222660,
                "Lon": 13.7348499298095700,
                "Distance": 4.6,
                "Strasse": "LEIPZIGER STR. 2 E",
                "Plz": "01097",
                "Ort": "DRESDEN",
                "Sorte": "Diesel",
                "Preis": 1.939,
                "Provider": "MTSK",
                "Datum": "10.07.2022",
                "DatumSort": "20220710",
                "TimeSort": "20:46:14",
                "SycAngebote": []
            },
            {
                "PoiId": 172559803,
                "Name": "HEM",
                "Description": "",
                "x": 1523880,
                "y": 6620248,
                "Lat": 51.0359992980957030,
                "Lon": 13.7045831680297850,
                "Distance": 1.1,
                "Strasse": "Tharandter Str. 48",
                "Plz": "01159",
                "Ort": "Dresden",
                "Sorte": "Diesel",
                "Preis": 1.939,
                "Provider": "MTSK",
                "Datum": "10.07.2022",
                "DatumSort": "20220710",
                "TimeSort": "18:53:12",
                "SycAngebote": []
            },
            {
                "PoiId": 387994891,
                "Name": "Shell",
                "Description": "",
                "x": 1524994,
                "y": 6627788,
                "Lat": 51.0786247253417970,
                "Lon": 13.7146043777465820,
                "Distance": 5.0,
                "Strasse": "Leipziger Str. 125",
                "Plz": "01127",
                "Ort": "Dresden",
                "Sorte": "Diesel",
                "Preis": 1.939,
                "Provider": "MTSK",
                "Datum": "10.07.2022",
                "DatumSort": "20220710",
                "TimeSort": "21:03:40",
                "SycAngebote": [
                    {
                        "AngebotId": 1057,
                        "Angebotsbild": "https://www.adac.de/-/media/images/Mitgliedschaft/App-Mitgliedervorteile/Shell-Vorteilspartner-1910-720x540.jpg",
                        "Partnername": "Shell Deutschland Oil GmbH",
                        "Angebotsname": " Shell",
                        "KategorieId": 1,
                        "Kategorie": "Tanken und Autozubehör",
                        "GeschaeftsbereichId": 29,
                        "Geschaeftsbereich": "Tanken",
                        "GeschaeftsbereichIcon": "",
                        "KategorieIcon": "https://www.adac.de/-/media/images/Mitgliedschaft/App-Mitgliedervorteile/Kategorie-Icons/Fahrzeuge2.svg",
                        "Partnerlogo": "https://www.adac.de/-/media/images/Mitgliedschaft/App-Mitgliedervorteile/shell-logo-1911-200x200",
                        "Kurztext": "Auftanken bei Shell - Garantiert gut",
                        "KurztextVorteil": "ADAC Mitglieder sparen 1 ct/l Rabatt.*&#10;",
                        "Teasertext": "1 Ct./Liter",
                        "IstLoginErforderlich": false,
                        "IstTippDerWoche": true,
                        "ProgrammId": 77,
                        "Programmname": "Deutschland",
                        "Pdf": "",
                        "TextZumPdf": "",
                        "Video": "",
                        "IstToppartner": true,
                        "PartnerPrio": 101
                    }
                ]
            },
            {
                "PoiId": -1592660697,
                "Name": "JET",
                "Description": "",
                "x": 1516543,
                "y": 6620832,
                "Lat": 51.0392990112304690,
                "Lon": 13.6386003494262700,
                "Distance": 3.5,
                "Strasse": "KESSELSDORFER STR. 336",
                "Plz": "01156",
                "Ort": "DRESDEN GOMPITZ",
                "Sorte": "Diesel",
                "Preis": 1.939,
                "Provider": "MTSK",
                "Datum": "10.07.2022",
                "DatumSort": "20220710",
                "TimeSort": "20:10:56",
                "SycAngebote": []
            },
            {
                "PoiId": 2101879869,
                "Name": "JET",
                "Description": "",
                "x": 1520094,
                "y": 6616820,
                "Lat": 51.0166130065917970,
                "Lon": 13.6705331802368160,
                "Distance": 2.5,
                "Strasse": "THARANDTER STR. 200 b",
                "Plz": "01187",
                "Ort": "DRESDEN",
                "Sorte": "Diesel",
                "Preis": 1.939,
                "Provider": "MTSK",
                "Datum": "10.07.2022",
                "DatumSort": "20220710",
                "TimeSort": "19:55:47",
                "SycAngebote": []
            },
            {
                "PoiId": 421768856,
                "Name": "ARAL",
                "Description": "",
                "x": 1521118,
                "y": 6624990,
                "Lat": 51.0628051757812500,
                "Lon": 13.6797351837158200,
                "Distance": 3.0,
                "Strasse": "Hamburger Straße 88c",
                "Plz": "01157",
                "Ort": "Dresden",
                "Sorte": "Diesel",
                "Preis": 1.949,
                "Provider": "MTSK",
                "Datum": "10.07.2022",
                "DatumSort": "20220710",
                "TimeSort": "20:19:59",
                "SycAngebote": []
            },
            {
                "PoiId": 926907229,
                "Name": "Shell",
                "Description": "",
                "x": 1525036,
                "y": 6623076,
                "Lat": 51.0519866943359380,
                "Lon": 13.7149820327758790,
                "Distance": 2.5,
                "Strasse": "Loebtauer Str. 28/30",
                "Plz": "01159",
                "Ort": "Dresden",
                "Sorte": "Diesel",
                "Preis": 1.949,
                "Provider": "MTSK",
                "Datum": "10.07.2022",
                "DatumSort": "20220710",
                "TimeSort": "19:47:37",
                "SycAngebote": [
                    {
                        "AngebotId": 1057,
                        "Angebotsbild": "https://www.adac.de/-/media/images/Mitgliedschaft/App-Mitgliedervorteile/Shell-Vorteilspartner-1910-720x540.jpg",
                        "Partnername": "Shell Deutschland Oil GmbH",
                        "Angebotsname": " Shell",
                        "KategorieId": 1,
                        "Kategorie": "Tanken und Autozubehör",
                        "GeschaeftsbereichId": 29,
                        "Geschaeftsbereich": "Tanken",
                        "GeschaeftsbereichIcon": "",
                        "KategorieIcon": "https://www.adac.de/-/media/images/Mitgliedschaft/App-Mitgliedervorteile/Kategorie-Icons/Fahrzeuge2.svg",
                        "Partnerlogo": "https://www.adac.de/-/media/images/Mitgliedschaft/App-Mitgliedervorteile/shell-logo-1911-200x200",
                        "Kurztext": "Auftanken bei Shell - Garantiert gut",
                        "KurztextVorteil": "ADAC Mitglieder sparen 1 ct/l Rabatt.*&#10;",
                        "Teasertext": "1 Ct./Liter",
                        "IstLoginErforderlich": false,
                        "IstTippDerWoche": true,
                        "ProgrammId": 77,
                        "Programmname": "Deutschland",
                        "Pdf": "",
                        "TextZumPdf": "",
                        "Video": "",
                        "IstToppartner": true,
                        "PartnerPrio": 101
                    }
                ]
            },
            {
                "PoiId": 1351601015,
                "Name": "ARAL",
                "Description": "",
                "x": 1517976,
                "y": 6614196,
                "Lat": 51.0017623901367190,
                "Lon": 13.6514854431152340,
                "Distance": 4.6,
                "Strasse": "Dresdner Straße 164",
                "Plz": "01705",
                "Ort": "Freital",
                "Sorte": "Diesel",
                "Preis": 1.949,
                "Provider": "MTSK",
                "Datum": "10.07.2022",
                "DatumSort": "20220710",
                "TimeSort": "20:34:11",
                "SycAngebote": []
            },
            {
                "PoiId": 2018169786,
                "Name": "TotalEnergies",
                "Description": "",
                "x": 1522686,
                "y": 6624721,
                "Lat": 51.0612869262695310,
                "Lon": 13.6938447952270510,
                "Distance": 2.8,
                "Strasse": "Hamburger Str. 44",
                "Plz": "01067",
                "Ort": "Dresden",
                "Sorte": "Diesel",
                "Preis": 1.949,
                "Provider": "MTSK",
                "Datum": "10.07.2022",
                "DatumSort": "20220710",
                "TimeSort": "20:08:00",
                "SycAngebote": []
            },
            {
                "PoiId": -487223502,
                "Name": "Shell",
                "Description": "",
                "x": 1517304,
                "y": 6616484,
                "Lat": 51.0147094726562500,
                "Lon": 13.6454420089721680,
                "Distance": 3.9,
                "Strasse": "Wilsdruffer Str. 54",
                "Plz": "01705",
                "Ort": "Freital",
                "Sorte": "Diesel",
                "Preis": 1.949,
                "Provider": "MTSK",
                "Datum": "10.07.2022",
                "DatumSort": "20220710",
                "TimeSort": "19:51:34",
                "SycAngebote": [
                    {
                        "AngebotId": 1057,
                        "Angebotsbild": "https://www.adac.de/-/media/images/Mitgliedschaft/App-Mitgliedervorteile/Shell-Vorteilspartner-1910-720x540.jpg",
                        "Partnername": "Shell Deutschland Oil GmbH",
                        "Angebotsname": " Shell",
                        "KategorieId": 1,
                        "Kategorie": "Tanken und Autozubehör",
                        "GeschaeftsbereichId": 29,
                        "Geschaeftsbereich": "Tanken",
                        "GeschaeftsbereichIcon": "",
                        "KategorieIcon": "https://www.adac.de/-/media/images/Mitgliedschaft/App-Mitgliedervorteile/Kategorie-Icons/Fahrzeuge2.svg",
                        "Partnerlogo": "https://www.adac.de/-/media/images/Mitgliedschaft/App-Mitgliedervorteile/shell-logo-1911-200x200",
                        "Kurztext": "Auftanken bei Shell - Garantiert gut",
                        "KurztextVorteil": "ADAC Mitglieder sparen 1 ct/l Rabatt.*&#10;",
                        "Teasertext": "1 Ct./Liter",
                        "IstLoginErforderlich": false,
                        "IstTippDerWoche": true,
                        "ProgrammId": 77,
                        "Programmname": "Deutschland",
                        "Pdf": "",
                        "TextZumPdf": "",
                        "Video": "",
                        "IstToppartner": true,
                        "PartnerPrio": 101
                    }
                ]
            },
            {
                "PoiId": -425504954,
                "Name": "TotalEnergies",
                "Description": "",
                "x": 1528761,
                "y": 6620266,
                "Lat": 51.0360984802246090,
                "Lon": 13.7484817504882810,
                "Distance": 4.2,
                "Strasse": "Wiener Str. 39",
                "Plz": "01069",
                "Ort": "Dresden",
                "Sorte": "Diesel",
                "Preis": 1.949,
                "Provider": "MTSK",
                "Datum": "10.07.2022",
                "DatumSort": "20220710",
                "TimeSort": "19:48:00",
                "SycAngebote": []
            },
            {
                "PoiId": -312799356,
                "Name": "Shell",
                "Description": "",
                "x": 1522068,
                "y": 6625813,
                "Lat": 51.0674552917480470,
                "Lon": 13.6882944107055660,
                "Distance": 3.4,
                "Strasse": "Washingtonstr. 40",
                "Plz": "01139",
                "Ort": "Dresden",
                "Sorte": "Diesel",
                "Preis": 1.949,
                "Provider": "MTSK",
                "Datum": "10.07.2022",
                "DatumSort": "20220710",
                "TimeSort": "20:44:12",
                "SycAngebote": [
                    {
                        "AngebotId": 1057,
                        "Angebotsbild": "https://www.adac.de/-/media/images/Mitgliedschaft/App-Mitgliedervorteile/Shell-Vorteilspartner-1910-720x540.jpg",
                        "Partnername": "Shell Deutschland Oil GmbH",
                        "Angebotsname": " Shell",
                        "KategorieId": 1,
                        "Kategorie": "Tanken und Autozubehör",
                        "GeschaeftsbereichId": 29,
                        "Geschaeftsbereich": "Tanken",
                        "GeschaeftsbereichIcon": "",
                        "KategorieIcon": "https://www.adac.de/-/media/images/Mitgliedschaft/App-Mitgliedervorteile/Kategorie-Icons/Fahrzeuge2.svg",
                        "Partnerlogo": "https://www.adac.de/-/media/images/Mitgliedschaft/App-Mitgliedervorteile/shell-logo-1911-200x200",
                        "Kurztext": "Auftanken bei Shell - Garantiert gut",
                        "KurztextVorteil": "ADAC Mitglieder sparen 1 ct/l Rabatt.*&#10;",
                        "Teasertext": "1 Ct./Liter",
                        "IstLoginErforderlich": false,
                        "IstTippDerWoche": true,
                        "ProgrammId": 77,
                        "Programmname": "Deutschland",
                        "Pdf": "",
                        "TextZumPdf": "",
                        "Video": "",
                        "IstToppartner": true,
                        "PartnerPrio": 101
                    }
                ]
            },
            {
                "PoiId": -275879389,
                "Name": "ARAL",
                "Description": "",
                "x": 1522255,
                "y": 6626084,
                "Lat": 51.0689926147460940,
                "Lon": 13.6899747848510740,
                "Distance": 3.6,
                "Strasse": "Werftstraße 13",
                "Plz": "01139",
                "Ort": "Dresden",
                "Sorte": "Diesel",
                "Preis": 1.949,
                "Provider": "MTSK",
                "Datum": "10.07.2022",
                "DatumSort": "20220710",
                "TimeSort": "20:20:00",
                "SycAngebote": []
            },
            {
                "PoiId": -1363833599,
                "Name": "ARAL",
                "Description": "",
                "x": 1526706,
                "y": 6617389,
                "Lat": 51.0198326110839840,
                "Lon": 13.7300033569335940,
                "Distance": 3.5,
                "Strasse": "Bergstr. 121",
                "Plz": "01217",
                "Ort": "Dresden",
                "Sorte": "Diesel",
                "Preis": 1.959,
                "Provider": "MTSK",
                "Datum": "10.07.2022",
                "DatumSort": "20220710",
                "TimeSort": "20:17:50",
                "SycAngebote": []
            }
        ]
    },
    "Success": true,
    "Messages": []
}
