[
    {
        "_id": "628bb7c38398c0a95c541c4c",
        "driver": "Oliver",
        "vehicleTyp": "VW",
        "currentMileAge": "164381",
        "newMileAge": "164406",
        "forFree": false,
        "distance": "25.00",
        "distanceCost": "5.00",
        "date": "2022-05-23T18:34:49.814Z",
        "driveReason": "City drive",
        "additionalInformationTyp": "Keine",
        "additionalInformation": "",
        "additionalInformationCost": "",
        "distanceSinceLastAdditionalInformation": "",
        "createdAt": "2022-05-23T16:35:15.447Z",
        "updatedAt": "2022-05-23T16:35:15.447Z",
        "__v": 0
    },
    {
        "_id": "628b9a978398c0a95c541c3c",
        "driver": "Thomas",
        "vehicleTyp": "Ferrari",
        "currentMileAge": "14846",
        "newMileAge": "14864",
        "forFree": false,
        "distance": "18.00",
        "distanceCost": "3.60",
        "date": "2022-05-23T16:30:11.457Z",
        "driveReason": "Robotron + Shopping",
        "additionalInformationTyp": "Keine",
        "additionalInformation": "",
        "additionalInformationCost": "",
        "distanceSinceLastAdditionalInformation": "",
        "createdAt": "2022-05-23T14:30:47.551Z",
        "updatedAt": "2022-05-23T14:30:47.551Z",
        "__v": 0
    },
    {
        "_id": "628a80caf0558aa2c7439f7e",
        "driver": "Oliver",
        "vehicleTyp": "Ferrari",
        "currentMileAge": "14838",
        "newMileAge": "14846",
        "forFree": false,
        "distance": "8.00",
        "distanceCost": "1.60",
        "date": "2022-05-22T20:27:53.012Z",
        "driveReason": "Dancing",
        "additionalInformationTyp": "Keine",
        "additionalInformation": "",
        "additionalInformationCost": "",
        "distanceSinceLastAdditionalInformation": "",
        "createdAt": "2022-05-22T18:28:26.755Z",
        "updatedAt": "2022-05-22T18:28:26.755Z",
        "__v": 0
    },
    {
        "_id": "6289d569820ec9f4f8d77cfe",
        "driver": "Oliver",
        "vehicleTyp": "Ferrari",
        "currentMileAge": "14830",
        "newMileAge": "14838",
        "forFree": false,
        "distance": "8.00",
        "distanceCost": "1.60",
        "date": "2022-05-22T08:16:45.621Z",
        "driveReason": "Kinder zum Bahnhof ",
        "additionalInformationTyp": "Keine",
        "additionalInformation": "",
        "additionalInformationCost": "",
        "distanceSinceLastAdditionalInformation": "",
        "createdAt": "2022-05-22T06:17:13.786Z",
        "updatedAt": "2022-05-22T06:17:13.786Z",
        "__v": 0
    },
    {
        "_id": "62894a37820ec9f4f8d77cf7",
        "driver": "Oliver",
        "vehicleTyp": "Ferrari",
        "currentMileAge": "14812",
        "newMileAge": "14830",
        "forFree": false,
        "distance": "18.00",
        "distanceCost": "3.60",
        "date": "2022-05-21T22:22:21.954Z",
        "driveReason": "Kinder vom Bahnhof und Oper „Into the Wood“",
        "additionalInformationTyp": "Keine",
        "additionalInformation": "",
        "additionalInformationCost": "",
        "distanceSinceLastAdditionalInformation": "",
        "createdAt": "2022-05-21T20:23:19.659Z",
        "updatedAt": "2022-05-21T20:23:19.659Z",
        "__v": 0
    },
    {
        "_id": "6287c230b954121f0cc02780",
        "driver": "Andrea",
        "vehicleTyp": "Ferrari",
        "currentMileAge": "14804",
        "newMileAge": "14812",
        "forFree": false,
        "distance": "8.00",
        "distanceCost": "1.60",
        "date": "2022-05-20T18:30:17.003Z",
        "driveReason": "Tanzen",
        "additionalInformationTyp": "Keine",
        "additionalInformation": "",
        "additionalInformationCost": "",
        "distanceSinceLastAdditionalInformation": "",
        "createdAt": "2022-05-20T16:30:40.478Z",
        "updatedAt": "2022-05-20T16:30:40.478Z",
        "__v": 0
    },
    {
        "_id": "6286a4a4eaf486911471b893",
        "driver": "Andrea",
        "vehicleTyp": "VW",
        "currentMileAge": "164367",
        "newMileAge": "164381",
        "forFree": true,
        "distance": "14.00",
        "distanceCost": "2.80",
        "date": "2022-05-19T22:11:33.493Z",
        "driveReason": "Abholen Finesse ",
        "additionalInformationTyp": "Keine",
        "additionalInformation": "",
        "additionalInformationCost": "",
        "distanceSinceLastAdditionalInformation": "",
        "createdAt": "2022-05-19T20:12:20.736Z",
        "updatedAt": "2022-05-19T20:12:20.736Z",
        "__v": 0
    },
    {
        "_id": "628558d813409e55c82fc01f",
        "driver": "Claudia",
        "vehicleTyp": "VW",
        "currentMileAge": "164304",
        "newMileAge": "164367",
        "forFree": false,
        "distance": "63.00",
        "distanceCost": "12.60",
        "date": "2022-05-18T22:36:06.038Z",
        "driveReason": "Stadtfahrten",
        "additionalInformationTyp": "Keine",
        "additionalInformation": "",
        "additionalInformationCost": "",
        "distanceSinceLastAdditionalInformation": "",
        "createdAt": "2022-05-18T20:36:40.645Z",
        "updatedAt": "2022-05-18T20:36:40.645Z",
        "__v": 0
    },
    {
        "_id": "62879758be835f78affd812c",
        "driver": "Andrea",
        "vehicleTyp": "Ferrari",
        "currentMileAge": "14795",
        "newMileAge": "14804",
        "forFree": true,
        "distance": "9.00",
        "distanceCost": "1.80",
        "date": "2022-05-18T15:27:00.000Z",
        "driveReason": "Mittagessen Oma abholen ",
        "additionalInformationTyp": "Keine",
        "additionalInformation": "",
        "additionalInformationCost": "",
        "distanceSinceLastAdditionalInformation": "",
        "createdAt": "2022-05-20T13:27:52.952Z",
        "updatedAt": "2022-05-20T13:27:52.952Z",
        "__v": 0
    },
    {
        "_id": "62839badce5e37b3b0c68005",
        "driver": "Thomas",
        "vehicleTyp": "Ferrari",
        "currentMileAge": "14774",
        "newMileAge": "14795",
        "forFree": false,
        "distance": "21.00",
        "distanceCost": "4.20",
        "date": "2022-05-17T14:56:59.529Z",
        "driveReason": "Schule",
        "additionalInformationTyp": "Keine",
        "additionalInformation": "",
        "additionalInformationCost": "",
        "distanceSinceLastAdditionalInformation": "",
        "createdAt": "2022-05-17T12:57:17.246Z",
        "updatedAt": "2022-05-17T12:57:17.246Z",
        "__v": 0
    },
    {
        "_id": "62824b872bce6ab7da88ec24",
        "driver": "Thomas",
        "vehicleTyp": "Ferrari",
        "currentMileAge": "14761",
        "newMileAge": "14774",
        "forFree": false,
        "distance": "13.00",
        "distanceCost": "2.60",
        "date": "2022-05-16T15:02:43.499Z",
        "driveReason": "Schule ",
        "additionalInformationTyp": "Keine",
        "additionalInformation": "",
        "additionalInformationCost": "",
        "distanceSinceLastAdditionalInformation": "",
        "createdAt": "2022-05-16T13:03:03.159Z",
        "updatedAt": "2022-05-16T13:03:03.159Z",
        "__v": 0
    },
    {
        "_id": "62813a3253ca8cb050e64753",
        "driver": "Oliver",
        "vehicleTyp": "Porsche",
        "currentMileAge": "136802",
        "newMileAge": "136812",
        "forFree": false,
        "distance": "10.00",
        "distanceCost": "2.00",
        "date": "2022-05-15T19:35:57.692Z",
        "driveReason": "Tanzen & Garage",
        "additionalInformationTyp": "Gewartet",
        "additionalInformation": "2 l Öl",
        "additionalInformationCost": "14.00",
        "distanceSinceLastAdditionalInformation": "1631.00",
        "createdAt": "2022-05-15T17:36:50.934Z",
        "updatedAt": "2022-05-15T17:36:50.934Z",
        "__v": 0
    },
    {
        "_id": "6280e89d033088f86b05718c",
        "driver": "Oliver",
        "vehicleTyp": "Porsche",
        "currentMileAge": "136248",
        "newMileAge": "136802",
        "forFree": false,
        "distance": "554.00",
        "distanceCost": "110.80",
        "date": "2022-05-15T13:47:51.892Z",
        "driveReason": "(Kaufering-) Utting- Dresden (Abfahrt Utting 0930, 25 min Pause)",
        "additionalInformationTyp": "Keine",
        "additionalInformation": "",
        "additionalInformationCost": "",
        "distanceSinceLastAdditionalInformation": "",
        "createdAt": "2022-05-15T11:48:45.928Z",
        "updatedAt": "2022-05-15T13:03:19.128Z",
        "__v": 0
    },
    {
        "_id": "6281e2eb49eea3afb84db33d",
        "driver": "Andrea",
        "vehicleTyp": "Ferrari",
        "currentMileAge": "14749",
        "newMileAge": "14761",
        "forFree": false,
        "distance": "12.00",
        "distanceCost": "2.40",
        "date": "2022-05-15T01:15:00.000Z",
        "driveReason": "Geburtstag Clemens",
        "additionalInformationTyp": "Keine",
        "additionalInformation": "",
        "additionalInformationCost": "",
        "distanceSinceLastAdditionalInformation": "",
        "createdAt": "2022-05-16T05:36:43.627Z",
        "updatedAt": "2022-05-16T05:36:43.627Z",
        "__v": 0
    },
    {
        "_id": "627fe63c135c8c77d22ec1d5",
        "driver": "Oliver",
        "vehicleTyp": "Porsche",
        "currentMileAge": "136009",
        "newMileAge": "136248",
        "forFree": false,
        "distance": "239.00",
        "distanceCost": "47.80",
        "date": "2022-05-14T19:24:31.749Z",
        "driveReason": "Unterschleißheim- Utting-Ausflüge-Kaufering",
        "additionalInformationTyp": "Getankt",
        "additionalInformation": "68.1",
        "additionalInformationCost": "140.84",
        "distanceSinceLastAdditionalInformation": "586.00",
        "createdAt": "2022-05-14T17:26:20.752Z",
        "updatedAt": "2022-05-14T17:26:20.752Z",
        "__v": 0
    },
    {
        "_id": "627f7d255ec086207e4d36c3",
        "driver": "Andrea",
        "vehicleTyp": "Ferrari",
        "currentMileAge": "14747",
        "newMileAge": "14749",
        "forFree": true,
        "distance": "2.00",
        "distanceCost": "0.40",
        "date": "2022-05-14T11:57:44.228Z",
        "driveReason": "Einkauf ",
        "additionalInformationTyp": "Keine",
        "additionalInformation": "",
        "additionalInformationCost": "",
        "distanceSinceLastAdditionalInformation": "",
        "createdAt": "2022-05-14T09:57:57.462Z",
        "updatedAt": "2022-05-14T09:57:57.462Z",
        "__v": 0
    },
    {
        "_id": "627ebffa62b05ac6931b9c52",
        "driver": "Thomas",
        "vehicleTyp": "Ferrari",
        "currentMileAge": "14733",
        "newMileAge": "14747",
        "forFree": false,
        "distance": "14.00",
        "distanceCost": "2.80",
        "date": "2022-05-13T22:30:27.357Z",
        "driveReason": "Kino",
        "additionalInformationTyp": "Keine",
        "additionalInformation": "",
        "additionalInformationCost": "",
        "distanceSinceLastAdditionalInformation": "",
        "createdAt": "2022-05-13T20:30:50.527Z",
        "updatedAt": "2022-05-13T20:30:50.527Z",
        "__v": 0
    }
]
